"1","titolari","2017-06-01 15:15:57"
"2","fascicoli","2017-06-01 15:14:36"
"3","registri","2017-06-02 22:29:02"
"4","amministrazioni","2017-06-02 22:28:30"
"5","mittenti","2017-06-01 14:58:17"
"6","tags","2017-06-01 15:20:38"
"7","uffici","2017-06-01 15:18:45"
"8","ruoli_cipe","2017-03-08 17:34:49"
"9","groups","2017-06-01 15:22:24"
"10","argomenti","2017-03-08 11:07:05"
"11","precipe","2017-06-01 14:24:01"
"12","precipeodg","2017-05-29 21:06:24"
"13","firmatari","2017-06-01 14:51:43"
"14","cipe","2017-06-01 14:55:09"
"15","cipeodg","2017-05-29 19:29:58"
"16","firmataritipo","2017-04-14 02:00:00"
"17","cipeesiti","2017-04-14 02:00:00"
"18","cipeesititipo","2017-04-14 01:00:00"
"19","cipeargomentitipo","2017-04-14 01:00:00"
"20","users","2017-06-01 15:27:20"
"21","delibere","2017-06-02 19:54:26"
"22","adempimenti","2017-06-01 13:49:18"
"23","monitor","2017-06-02 19:54:26"
"24","monitor_group","2017-06-02 19:54:26"
